customer_id,predicted_6m_ltv,future_6m_ltv,segment,segment_name
12347,2459.8306999999986,2850.52,0,Mid-Low
12348,963.2609000000008,760.24,2,Low
12370,1482.7002999999997,0.0,1,Mid-High
12386,346.48189999999965,57.94,2,Low
12395,570.3612,85.0,1,Mid-High
12417,537.5587999999999,1284.74,2,Low
12427,1131.2939999999992,897.5600000000001,0,Mid-Low
12429,381.93809999999996,0.0,0,Mid-Low
12431,2480.509900000001,2698.9700000000003,1,Mid-High
12433,1433.7868000000005,0.0,1,Mid-High
12434,316.90829999999994,0.0,2,Low
12441,258.28130000000004,0.0,0,Mid-Low
12471,5075.936800000005,5506.2,1,Mid-High
12472,4554.377200000005,4371.09,1,Mid-High
12474,4269.2698000000055,6705.53,0,Mid-Low
12476,2288.144499999998,3148.84,2,Low
12481,6551.0822000000035,10661.18,2,Low
12494,139.32959999999983,14.4,1,Mid-High
12540,2211.8402999999976,3170.15,2,Low
12551,357.48209999999995,0.0,2,Low
12557,396.77929999999964,77.66999999999999,0,Mid-Low
12567,5759.599299999997,6877.12,1,Mid-High
12577,752.9400999999998,0.0,2,Low
12583,941.0131999999999,1685.62,0,Mid-Low
12586,49.08080000000001,0.0,2,Low
12600,846.6855999999998,419.71999999999997,1,Mid-High
12605,143.09590000000003,0.0,2,Low
12621,1846.5639999999999,0.0,1,Mid-High
12647,1399.4576999999997,0.0,1,Mid-High
12649,139.4637,0.0,2,Low
12662,2107.5598999999993,1497.15,0,Mid-Low
12666,413.4675,0.0,2,Low
12668,3971.289499999997,5341.35,2,Low
12681,1703.0904999999998,13634.1,0,Mid-Low
12682,5572.12419999999,7294.97,1,Mid-High
12683,3843.369900000005,4623.889999999999,0,Mid-Low
12686,145.56169999999997,0.0,0,Mid-Low
12691,1214.740999999999,558.06,2,Low
12705,985.6650999999999,0.0,2,Low
12708,619.9789,2072.84,0,Mid-Low
12709,1561.1959999999992,1750.3,1,Mid-High
12712,2286.563299999998,2550.24,1,Mid-High
12720,3330.453100000001,3837.48,1,Mid-High
12721,1563.0230999999999,2080.8,2,Low
12725,919.0785000000001,0.0,0,Mid-Low
12726,1206.595900000001,1320.52,2,Low
12731,7199.706499999996,11311.2,2,Low
12738,163.553,0.0,0,Mid-Low
12747,1295.110099999998,1039.4,1,Mid-High
12748,32812.00139999995,5518.3,3,High
12753,667.4214000000009,165.66,2,Low
12755,312.82099999999997,0.0,2,Low
12763,384.36350000000004,0.0,0,Mid-Low
12766,2365.292699999997,1353.33,2,Low
12779,596.3720999999999,2347.39,0,Mid-Low
12782,2255.956799999997,2767.27,2,Low
12785,702.5684,0.0,2,Low
12791,166.52630000000002,0.0,0,Mid-Low
12793,1264.7946999999983,1449.9,0,Mid-Low
12797,482.7626000000001,0.0,1,Mid-High
12808,726.2722,0.0,0,Mid-Low
12826,4564.512899999996,7667.55,2,Low
12829,495.9018999999995,408.27,2,Low
12838,973.9005000000001,0.0,0,Mid-Low
12839,1234.2066,0.0,1,Mid-High
12841,1740.9294000000007,7455.19,0,Mid-Low
12855,882.1529,0.0,0,Mid-Low
12865,767.3117,0.0,2,Low
12867,468.0301999999999,0.0,2,Low
12868,2609.273100000003,4205.82,0,Mid-Low
12870,260.0067,0.0,2,Low
12872,1692.8094999999978,1800.34,2,Low
12875,875.1035000000005,0.0,2,Low
12877,843.5465000000005,222.95999999999998,2,Low
12913,97.2211,0.0,2,Low
12915,292.47690000000006,0.0,0,Mid-Low
12921,1733.5254000000004,2118.69,1,Mid-High
12928,1096.4300000000005,0.0,2,Low
12931,1010.7086000000006,0.0,2,Low
12942,269.5327,0.0,2,Low
12947,3327.934200000002,2637.88,1,Mid-High
12963,799.8281999999999,0.0,2,Low
12967,1668.8889,0.0,1,Mid-High
12971,3442.512699999999,2977.06,1,Mid-High
12980,496.0647,332.18,2,Low
12989,387.2325999999998,20.59,2,Low
13000,953.4297999999998,0.0,2,Low
13004,2665.032900000002,4038.1,2,Low
13008,1359.356100000001,1949.55,2,Low
13011,120.50110000000001,0.0,0,Mid-Low
13013,747.4689000000002,0.0,0,Mid-Low
13021,430.07969999999995,0.0,1,Mid-High
13030,638.1433000000001,0.0,0,Mid-Low
13033,639.5286,0.0,2,Low
13034,239.0255,0.0,2,Low
13047,1954.6622000000018,2321.16,0,Mid-Low
13050,5377.6456,4979.07,1,Mid-High
13065,469.50380000000007,0.0,0,Mid-Low
13069,4748.444200000005,4837.59,1,Mid-High
13077,140.88979999999998,0.0,2,Low
13078,1162.5459000000014,922.0699999999999,1,Mid-High
13081,9863.019600000007,13891.39,0,Mid-Low
13089,17187.36360000002,24428.8,1,Mid-High
13090,453.2034999999997,396.63,1,Mid-High
13092,317.06059999999997,0.0,2,Low
13093,7460.252599999996,9639.62,1,Mid-High
13094,379.02899999999977,164.98,0,Mid-Low
13097,1824.1796999999983,2209.61,2,Low
13102,3661.1564000000035,5008.03,1,Mid-High
13108,819.3075,0.0,0,Mid-Low
13113,1963.9620999999993,4922.37,0,Mid-Low
13115,306.5781,125.0,2,Low
13117,1193.5799000000018,636.46,1,Mid-High
13124,715.9686,0.0,2,Low
13126,1234.871699999999,1461.12,2,Low
13136,731.8327,0.0,2,Low
13138,356.0378,0.0,0,Mid-Low
13140,247.86900000000003,0.0,2,Low
13145,85.54880000000001,0.0,0,Mid-Low
13148,12065.027999999986,18321.45,2,Low
13155,1078.9959000000003,354.92,0,Mid-Low
13173,187.29260000000002,0.0,0,Mid-Low
13174,9035.10300000001,8321.9,0,Mid-Low
13178,967.7162000000003,0.0,2,Low
13198,3347.5516000000007,4315.19,2,Low
13199,848.749700000001,593.5699999999999,1,Mid-High
13209,533.1708000000007,173.33,2,Low
13211,71.589,0.0,2,Low
13221,475.1572,0.0,2,Low
13225,500.9271000000005,477.15,2,Low
13230,6267.573199999997,9875.16,2,Low
13238,464.0954000000001,0.0,2,Low
13240,275.1528,0.0,2,Low
13255,421.5505000000001,0.0,0,Mid-Low
13266,76.13690000000001,0.0,2,Low
13267,9115.616700000002,13572.39,1,Mid-High
13269,2381.019300000001,0.0,1,Mid-High
13270,1020.6319999999997,0.0,2,Low
13295,249.74530000000001,0.0,1,Mid-High
13305,1122.7975000000001,0.0,0,Mid-Low
13317,313.17260000000005,0.0,2,Low
13319,2523.3162,4385.57,2,Low
13324,1155.0804000000012,1890.94,2,Low
13327,433.3695,0.0,2,Low
13329,279.42860000000013,16.630000000000003,1,Mid-High
13369,870.9498000000007,536.99,2,Low
13370,1123.3513,0.0,1,Mid-High
13402,164.7696,0.0,0,Mid-Low
13408,3454.3839000000007,4127.67,1,Mid-High
13418,630.2687,0.0,1,Mid-High
13426,601.774699999999,655.27,2,Low
13448,593.3937000000001,0.0,1,Mid-High
13455,660.3225999999992,237.63,0,Mid-Low
13458,1772.3080999999988,2210.31,2,Low
13468,2536.707999999998,2119.74,1,Mid-High
13481,230.3423,0.0,2,Low
13488,6628.741300000008,8673.64,0,Mid-Low
13491,2221.609699999998,3274.27,1,Mid-High
13495,532.2404,0.0,1,Mid-High
13496,557.1643,0.0,2,Low
13497,440.22780000000006,0.0,0,Mid-Low
13506,1147.9389000000012,1405.85,0,Mid-Low
13520,2496.5481999999975,3641.02,0,Mid-Low
13523,273.3009,0.0,2,Low
13531,1041.5932,0.0,0,Mid-Low
13534,850.6451000000001,3521.16,2,Low
13564,2614.9951999999994,3889.0,0,Mid-Low
13569,520.8265,0.0,0,Mid-Low
13576,937.2759000000005,1352.99,0,Mid-Low
13579,123.04390000000001,0.0,0,Mid-Low
13599,1241.845699999999,686.26,1,Mid-High
13611,316.0815,0.0,2,Low
13627,809.2055000000001,0.0,2,Low
13649,379.64759999999995,0.0,2,Low
13652,1690.243300000001,0.0,2,Low
13668,2973.9773999999993,4016.25,2,Low
13694,3279.5549000000005,3408.0,1,Mid-High
13705,262.20399999999995,0.0,0,Mid-Low
13715,2558.401200000002,2907.91,1,Mid-High
13747,258.19450000000006,0.0,0,Mid-Low
13748,282.7163,0.0,0,Mid-Low
13756,576.9277,0.0,1,Mid-High
13758,662.5886000000002,408.93,1,Mid-High
13767,2530.0136999999995,843.53,1,Mid-High
13769,1416.4039000000018,1731.46,1,Mid-High
13777,3890.959299999997,4657.68,1,Mid-High
13786,294.24529999999993,0.0,2,Low
13787,444.44469999999995,0.0,2,Low
13798,5003.5252000000055,6117.71,1,Mid-High
13802,889.4532999999997,1103.27,2,Low
13807,28.2199,0.0,0,Mid-Low
13829,813.9140999999997,0.0,2,Low
13831,414.9412,0.0,0,Mid-Low
13838,1447.1426999999996,0.0,0,Mid-Low
13842,1472.1285000000003,2074.25,0,Mid-Low
13846,72.4793,0.0,2,Low
13848,997.2021999999996,0.0,2,Low
13854,2423.852600000002,2309.41,1,Mid-High
13869,1683.4414999999997,8128.5,2,Low
13874,136.71620000000001,0.0,2,Low
13880,57.242599999999996,0.0,0,Mid-Low
13890,218.8661000000002,25.99,2,Low
13941,1033.9883,0.0,0,Mid-Low
13948,165.24309999999997,0.0,2,Low
13958,430.50199999999984,0.0,0,Mid-Low
13959,463.3804,0.0,2,Low
13963,3107.0807999999956,4567.36,0,Mid-Low
13969,1384.4009999999982,1411.87,2,Low
13982,1131.0743,2486.14,2,Low
13983,297.7027,10132.99,2,Low
13984,102.18799999999997,66.46,2,Low
13999,498.9421000000002,1269.91,2,Low
14001,712.6014,0.0,0,Mid-Low
14016,809.1679999999999,0.0,2,Low
14030,294.2503,0.0,0,Mid-Low
14031,3452.8453000000013,1083.38,1,Mid-High
14032,1128.658300000001,266.99,1,Mid-High
14037,1615.9407000000003,0.0,2,Low
14045,174.04199999999997,150.72,0,Mid-Low
14047,199.41109999999952,54.760000000000005,1,Mid-High
14051,2599.4570999999983,2873.62,1,Mid-High
14057,888.9197,0.0,2,Low
14060,3043.3870000000043,3400.95,1,Mid-High
14062,3240.763099999996,3861.68,2,Low
14078,332.03159999999997,0.0,0,Mid-Low
14081,213.68729999999996,0.0,0,Mid-Low
14082,1038.3093,0.0,2,Low
14083,1544.0065000000002,2055.57,0,Mid-Low
14085,6280.522099999999,8749.5,1,Mid-High
14092,2153.6547000000005,2350.75,1,Mid-High
14107,554.1845999999996,17.990000000000002,2,Low
14135,4322.892999999999,3483.73,1,Mid-High
14142,141.44279999999998,0.0,0,Mid-Low
14146,3341.8118,4608.23,2,Low
14150,306.79310000000004,0.0,2,Low
14156,1173.2256000000002,8681.34,0,Mid-Low
14159,47.51689999999999,0.0,2,Low
14161,558.9241999999999,0.0,0,Mid-Low
14176,431.4594999999996,333.39,1,Mid-High
14180,3684.2295,18034.31,1,Mid-High
14189,2915.1173,4503.91,0,Mid-Low
14201,0.48,0.0,2,Low
14205,216.717,0.0,2,Low
14206,548.0912000000002,0.0,0,Mid-Low
14210,2063.8943000000004,2673.19,0,Mid-Low
14213,173.32129999999998,0.0,0,Mid-Low
14215,2174.6358999999975,3181.65,2,Low
14217,1260.0256000000002,658.37,2,Low
14220,414.18899999999985,0.0,2,Low
14236,165.8007,0.0,0,Mid-Low
14237,1230.6814000000004,0.0,0,Mid-Low
14243,2074.3935999999985,2238.96,1,Mid-High
14256,516.2341,0.0,2,Low
14264,100.31300000000002,0.0,0,Mid-Low
14282,171.2654,0.0,0,Mid-Low
14290,69.95189999999991,38.910000000000004,2,Low
14293,595.7511999999999,0.0,0,Mid-Low
14298,8267.648800000003,10763.3,2,Low
14299,1577.2445000000014,2214.38,0,Mid-Low
14307,2265.5098000000007,3163.4700000000003,0,Mid-Low
14309,217.3315,841.33,2,Low
14334,1579.4173000000008,2180.92,2,Low
14344,500.56619999999987,0.0,1,Mid-High
14355,377.4141,0.0,2,Low
14373,166.21579999999997,0.0,2,Low
14388,1119.5536000000002,0.0,1,Mid-High
14390,168.61520000000002,0.0,0,Mid-Low
14395,1384.2451999999998,1596.86,0,Mid-Low
14396,260.91729999999995,0.0,0,Mid-Low
14401,650.354799999999,595.1700000000001,2,Low
14404,940.5690999999991,1124.67,0,Mid-Low
14409,1448.9329,1924.99,0,Mid-Low
14413,341.0364,0.0,2,Low
14414,93.7263,0.0,2,Low
14415,1799.6026000000013,1932.85,2,Low
14419,1529.8296999999993,0.0,2,Low
14426,3059.509699999999,3947.04,2,Low
14437,212.06459999999998,0.0,2,Low
14440,3384.6771000000044,4646.78,2,Low
14441,307.5710000000003,30.88,2,Low
14443,3032.1263000000013,1265.57,0,Mid-Low
14448,664.5333999999999,0.0,2,Low
14449,277.1253,0.0,0,Mid-Low
14466,749.6702,980.0,0,Mid-Low
14479,269.27549999999997,0.0,2,Low
14487,181.68030000000002,0.0,0,Mid-Low
14491,159.465,0.0,0,Mid-Low
14496,499.9064000000001,725.25,0,Mid-Low
14498,284.2646,0.0,2,Low
14505,4275.044699999995,3233.49,2,Low
14506,394.33369999999996,0.0,0,Mid-Low
14524,955.7415000000002,0.0,2,Low
14525,423.1181000000004,383.53999999999996,2,Low
14527,9012.358699999992,9861.73,1,Mid-High
14543,1394.3273999999997,2128.5699999999997,2,Low
14544,440.1449999999999,0.0,2,Low
14560,1397.5149000000001,1217.23,2,Low
14565,215.95359999999997,0.0,2,Low
14573,1107.6206000000002,0.0,0,Mid-Low
14576,711.9862999999999,0.0,0,Mid-Low
14577,480.9303,0.0,2,Low
14589,268.0916999999999,0.0,0,Mid-Low
14594,624.8133,0.0,0,Mid-Low
14606,32231.57369999996,44053.4,3,High
14608,412.9582000000001,0.0,2,Low
14618,556.6661,555.61,2,Low
14621,411.8312000000001,0.0,2,Low
14625,1166.3621000000003,0.0,1,Mid-High
14639,842.0683999999998,0.0,1,Mid-High
14643,1298.0386,47.61,2,Low
14667,7801.387000000004,1125.55,1,Mid-High
14673,377.72790000000003,0.0,0,Mid-Low
14679,759.9748,0.0,0,Mid-Low
14680,3824.0379000000044,4666.53,1,Mid-High
14684,421.8694000000001,0.0,2,Low
14688,4236.823100000004,5361.01,0,Mid-Low
14696,1827.4093000000003,1460.79,1,Mid-High
14702,4202.781699999998,6010.92,2,Low
14708,862.3186000000002,0.0,1,Mid-High
14709,1612.243900000002,2235.35,2,Low
14713,3044.498900000002,3864.67,1,Mid-High
14723,10073.124799999998,0.0,1,Mid-High
14729,2364.5374000000006,0.0,0,Mid-Low
14733,3924.986499999999,5476.13,1,Mid-High
14735,2247.2754999999975,2792.05,2,Low
14739,448.3994999999998,484.07,2,Low
14741,1207.0684,0.0,1,Mid-High
14744,1271.8653999999979,1592.18,2,Low
14748,1224.784,97.67,0,Mid-Low
14766,512.8417,0.0,1,Mid-High
14769,3474.3826999999997,3615.17,2,Low
14775,201.68689999999998,0.0,0,Mid-Low
14777,91.9743,0.0,2,Low
14796,5057.946399999997,8490.99,1,Mid-High
14800,4858.017199999993,3540.3,1,Mid-High
14810,2970.014399999996,3991.8,0,Mid-Low
14813,701.9022,0.0,0,Mid-Low
14821,203.604,0.0,0,Mid-Low
14825,1115.0509000000002,0.0,1,Mid-High
14829,779.7813999999998,0.0,1,Mid-High
14841,793.0612999999998,0.0,2,Low
14849,2176.1551000000018,2343.69,1,Mid-High
14850,1353.5497,1591.75,2,Low
14865,82.7625,0.0,0,Mid-Low
14866,995.7812000000006,0.0,2,Low
14867,1506.9821999999997,933.8000000000001,0,Mid-Low
14871,1626.0171000000003,0.0,2,Low
14878,302.8413,0.0,2,Low
14896,876.0947999999999,0.0,2,Low
14898,904.0835000000013,699.91,1,Mid-High
14901,761.9466,0.0,1,Mid-High
14907,763.2681000000002,0.0,1,Mid-High
14911,28884.310999999958,29088.19,3,High
14913,140.2649,0.0,2,Low
14932,448.24859999999995,0.0,2,Low
14952,1056.0206,0.0,2,Low
14961,1056.8658999999984,670.6800000000001,2,Low
14985,1170.8146999999997,0.0,2,Low
14987,21.618600000000004,0.0,0,Mid-Low
15002,1584.3225999999997,1595.98,2,Low
15005,5073.295699999998,4935.14,1,Mid-High
15012,2341.3540000000007,0.0,0,Mid-Low
15018,210.43959999999998,0.0,2,Low
15021,2374.669,0.0,2,Low
15023,4539.426199999999,5710.0,0,Mid-Low
15024,672.4138999999999,0.0,0,Mid-Low
15028,85.67569999999999,0.0,0,Mid-Low
15032,2369.9486999999995,0.0,2,Low
15038,304.5931,0.0,0,Mid-Low
15039,13505.7566,20380.82,1,Mid-High
15044,4297.683900000001,2738.89,1,Mid-High
15048,56.9783,0.0,0,Mid-Low
15061,4373.676599999994,4538.8,1,Mid-High
15062,515.0045999999999,0.0,2,Low
15070,1652.4790999999998,0.0,0,Mid-Low
15078,2248.0885,3083.0,1,Mid-High
15079,3257.2422999999994,4435.98,2,Low
15081,227.73549999999994,0.0,2,Low
15093,1704.483000000002,1782.39,1,Mid-High
15100,928.2688000000013,40.05,1,Mid-High
15101,166.2232,12.0,2,Low
15107,1915.1184,335.73,1,Mid-High
15111,615.1699000000001,0.0,0,Mid-Low
15157,941.8825000000002,0.0,2,Low
15159,3496.8511000000044,5233.39,2,Low
15160,558.9145999999998,0.0,2,Low
15165,805.1109999999999,0.0,0,Mid-Low
15179,2410.0263999999975,3933.55,2,Low
15180,140.5085,0.0,0,Mid-Low
15181,296.3743,0.0,2,Low
15192,1338.1361000000002,0.0,2,Low
15194,12062.511499999995,16838.82,1,Mid-High
15197,338.43459999999965,13.6,2,Low
15204,153.0292,0.0,2,Low
15211,334.5322,0.0,2,Low
15221,295.0254,0.0,2,Low
15224,704.2052000000002,0.0,1,Mid-High
15235,4772.865299999995,6863.8,0,Mid-Low
15240,641.0088,1887.96,0,Mid-Low
15246,156.8059,0.0,2,Low
15260,291.50700000000006,0.0,0,Mid-Low
15271,907.6216999999992,954.53,2,Low
15279,1296.6771999999985,1794.0900000000001,2,Low
15288,289.90409999999997,0.0,2,Low
15290,672.9172999999998,217.2,2,Low
15291,1747.6809999999998,973.27,1,Mid-High
15298,716.9340000000005,972.94,2,Low
15299,120.22,0.0,0,Mid-Low
15301,719.6958999999999,0.0,0,Mid-Low
15304,23.3208,0.0,0,Mid-Low
15311,28658.296199999968,35841.92,3,High
15329,343.01019999999994,0.0,2,Low
15332,3345.9353999999985,0.0,1,Mid-High
15347,24.5486,0.0,2,Low
15350,545.4424000000001,0.0,0,Mid-Low
15351,5237.193000000001,0.0,0,Mid-Low
15353,550.0006999999999,0.0,0,Mid-Low
15356,1853.7169000000001,0.0,1,Mid-High
15358,6467.5999999999885,8903.22,2,Low
15361,291.7896,0.0,2,Low
15363,432.69309999999996,0.0,0,Mid-Low
15366,176.43769999999998,0.0,2,Low
15373,1723.1447999999998,815.6999999999999,1,Mid-High
15379,4582.411299999997,5255.24,2,Low
15380,77.27590000000001,0.0,0,Mid-Low
15384,700.4258000000002,0.0,1,Mid-High
15392,669.391,0.0,2,Low
15394,241.3058,0.0,2,Low
15426,3640.259699999999,0.0,0,Mid-Low
15454,413.23510000000005,0.0,2,Low
15456,940.4519000000001,0.0,2,Low
15465,1804.8239000000008,277.03000000000003,1,Mid-High
15468,360.39410000000004,0.0,2,Low
15482,142.8142,0.0,2,Low
15485,1391.1290000000001,1157.25,0,Mid-Low
15498,6841.392200000003,10543.55,1,Mid-High
15502,336.31449999999995,0.0,0,Mid-Low
15503,1859.3598999999992,0.0,2,Low
15512,210.84910000000002,0.0,2,Low
15513,2496.5126000000023,3295.7599999999998,1,Mid-High
15514,5409.3148999999985,0.0,1,Mid-High
15525,584.8552,0.0,0,Mid-Low
15529,6033.111999999998,7855.82,1,Mid-High
15532,1022.8681,0.0,2,Low
15535,654.7179000000002,4106.96,1,Mid-High
15544,812.9895000000001,0.0,0,Mid-Low
15545,1293.8553999999997,0.0,0,Mid-Low
15547,2808.8088999999995,5038.88,2,Low
15555,5584.579299999997,0.0,1,Mid-High
15563,1081.0124,0.0,2,Low
15570,7419.101000000003,8070.009999999999,1,Mid-High
15574,2112.0511000000006,0.0,1,Mid-High
15581,3514.813100000003,2482.59,2,Low
15596,484.409,2636.15,2,Low
15601,9123.204300000007,10839.640000000001,1,Mid-High
15602,1098.636200000001,1317.33,1,Mid-High
15605,296.2407,0.0,0,Mid-Low
15615,2424.7577999999976,2539.9,2,Low
15620,587.2850000000001,0.0,2,Low
15628,308.3803,0.0,0,Mid-Low
15640,5259.618700000004,7966.7,1,Mid-High
15641,452.2585000000001,0.0,2,Low
15646,1137.9599000000003,0.0,0,Mid-Low
15649,39.80639999999997,9.85,2,Low
15658,655.1588999999999,2141.68,0,Mid-Low
15660,1652.9355000000003,0.0,2,Low
15664,128.0032,0.0,2,Low
15680,428.55459999999994,0.0,2,Low
15689,114.4273,0.0,2,Low
15694,1079.9899000000014,899.99,1,Mid-High
15708,4181.911799999995,6282.55,0,Mid-Low
15713,919.4085000000002,0.0,1,Mid-High
15716,609.0799000000001,0.0,0,Mid-Low
15723,286.39709999999997,0.0,2,Low
15727,2699.741899999999,3429.56,2,Low
15732,130.5637,0.0,0,Mid-Low
15738,1713.9901000000025,1975.57,1,Mid-High
15750,857.5212999999999,0.0,2,Low
15752,499.23519999999996,0.0,0,Mid-Low
15759,425.12070000000006,0.0,2,Low
15769,827.7646999999986,817.0600000000001,0,Mid-Low
15777,966.7653999999999,14.790000000000001,2,Low
15780,393.4523,0.0,2,Low
15789,517.9842000000001,0.0,2,Low
15805,521.927,0.0,2,Low
15808,3114.868799999999,12133.99,1,Mid-High
15811,2136.9205999999995,0.0,1,Mid-High
15822,466.8338,0.0,2,Low
15823,800.4519999999985,685.59,0,Mid-Low
15827,1446.0159000000003,2106.58,0,Mid-Low
15834,252.32910000000004,0.0,0,Mid-Low
15838,443.80659999999955,255.6,2,Low
15854,1295.5979000000004,1479.6100000000001,2,Low
15856,1615.3760000000004,1189.16,1,Mid-High
15858,2341.0573,0.0,0,Mid-Low
15860,150.8918,0.0,0,Mid-Low
15862,726.2579,0.0,0,Mid-Low
15867,5345.220799999999,7397.69,1,Mid-High
15880,809.6915999999999,0.0,0,Mid-Low
15881,2937.0186999999983,4252.87,2,Low
15882,112.86619999999999,0.0,0,Mid-Low
15889,258.4372,0.0,0,Mid-Low
15894,404.2528,0.0,0,Mid-Low
15898,1605.1680000000006,0.0,0,Mid-Low
15899,102.39359999999999,0.0,0,Mid-Low
15916,2151.0640999999987,2935.06,2,Low
15919,385.4229,0.0,0,Mid-Low
15922,557.5954,0.0,0,Mid-Low
15923,712.2623,0.0,0,Mid-Low
15945,225.6922,0.0,0,Mid-Low
15950,347.7199,0.0,2,Low
15953,301.7098999999997,257.47999999999996,0,Mid-Low
15955,1004.7111000000001,0.0,0,Mid-Low
15965,215.78549999999998,0.0,0,Mid-Low
15973,217.1620999999998,195.48,2,Low
15983,958.8634000000001,0.0,1,Mid-High
15984,1593.3164999999995,151.79,0,Mid-Low
15987,267.8708,0.0,2,Low
15996,4312.312200000004,0.0,2,Low
15998,1136.0203999999999,0.0,2,Low
16003,138.17739999999998,0.0,2,Low
16010,168.5614,0.0,2,Low
16011,2117.4421,1009.49,1,Mid-High
16013,390.2638000000001,202.98000000000002,1,Mid-High
16016,1222.3158,0.0,0,Mid-Low
16019,2114.9197000000004,813.95,2,Low
16029,3035.2193000000007,2522.96,1,Mid-High
16033,4481.516100000002,5429.5,1,Mid-High
16037,317.7323,0.0,2,Low
16042,337.8608999999999,82.98,1,Mid-High
16048,317.2575,0.0,0,Mid-Low
16059,702.9110999999998,1317.67,0,Mid-Low
16062,499.8233,0.0,2,Low
16065,1837.8692999999994,0.0,0,Mid-Low
16081,222.0285,0.0,0,Mid-Low
16083,2679.9761000000003,0.0,2,Low
16086,1275.2570000000005,0.0,0,Mid-Low
16098,768.2323,0.0,0,Mid-Low
16122,487.1223000000004,581.98,2,Low
16125,211.14269999999996,0.0,0,Mid-Low
16134,428.05549999999994,42.0,2,Low
16138,0.6175999999999999,0.0,2,Low
16140,553.9004000000001,0.0,0,Mid-Low
16143,1184.8883000000005,960.7900000000001,1,Mid-High
16145,1539.0489000000002,1496.49,2,Low
16150,1089.0945,240.39,0,Mid-Low
16161,4999.151800000003,5611.58,1,Mid-High
16163,174.95509999999996,0.0,2,Low
16168,517.3318999999997,167.96,0,Mid-Low
16186,1203.6364999999998,0.0,0,Mid-Low
16191,1085.6485000000018,1309.41,2,Low
16202,250.19630000000004,0.0,2,Low
16203,216.5736999999999,26.48,0,Mid-Low
16210,3402.737,1474.73,1,Mid-High
16218,491.98090000000013,0.0,0,Mid-Low
16221,93.8759,0.0,0,Mid-Low
16233,480.98940000000016,495.94,1,Mid-High
16241,3743.3523999999966,5901.66,0,Mid-Low
16244,365.59259999999995,0.0,0,Mid-Low
16250,698.198,0.0,0,Mid-Low
16252,449.6051,0.0,2,Low
16255,2301.7355999999972,2972.02,2,Low
16262,135.0105,0.0,2,Low
16265,488.30559999999997,0.0,2,Low
16271,437.0120999999999,0.0,2,Low
16274,624.7958999999998,0.0,0,Mid-Low
16293,219.52110000000002,0.0,2,Low
16306,309.96409999999946,376.76,2,Low
16316,360.5981999999998,29.979999999999997,2,Low
16327,2971.9858000000004,4186.21,0,Mid-Low
16350,631.391,1021.49,2,Low
16353,800.0144,785.5,1,Mid-High
16365,440.89799999999997,0.0,1,Mid-High
16367,155.5293,0.0,2,Low
16385,548.0501,0.0,2,Low
16393,2031.3617999999997,0.0,1,Mid-High
16402,1054.1441999999997,0.0,0,Mid-Low
16411,633.2615000000001,0.0,0,Mid-Low
16422,937.7592000000001,3417.42,1,Mid-High
16442,757.7027,0.0,2,Low
16455,855.6784999999998,0.0,1,Mid-High
16456,4635.623900000002,7357.33,0,Mid-Low
16458,1000.1399000000002,0.0,2,Low
16470,1109.292,0.0,2,Low
16477,2554.1148000000003,3266.0,0,Mid-Low
16499,568.6902999999999,0.0,1,Mid-High
16503,2566.6954999999966,2655.33,2,Low
16510,128.135,0.0,0,Mid-Low
16519,252.13449999999997,0.0,2,Low
16520,988.6514,0.0,0,Mid-Low
16525,1050.7784000000004,2417.8,1,Mid-High
16531,1018.8558999999992,1197.3999999999999,2,Low
16539,1203.7372,0.0,1,Mid-High
16546,406.93449999999996,0.0,0,Mid-Low
16550,407.33169999999996,0.0,0,Mid-Low
16552,592.5946999999999,0.0,0,Mid-Low
16553,1059.8926000000001,0.0,1,Mid-High
16556,496.87829999999997,0.0,2,Low
16558,2340.4558000000015,1745.54,1,Mid-High
16560,473.35000000000014,0.0,2,Low
16565,371.4062000000001,0.0,2,Low
16570,1219.5834000000007,1978.8799999999999,2,Low
16579,180.6211,0.0,0,Mid-Low
16583,1199.0480999999997,0.0,0,Mid-Low
16596,147.184,0.0,2,Low
16607,882.4627000000004,0.0,2,Low
16634,132.33820000000003,0.0,0,Mid-Low
16638,427.5328999999993,277.28,1,Mid-High
16654,195.6932,0.0,0,Mid-Low
16656,355.23770000000013,134.73000000000002,2,Low
16658,406.0842,0.0,0,Mid-Low
16665,308.3809,0.0,2,Low
16670,1340.8877000000007,2004.58,2,Low
16679,735.1296000000001,0.0,2,Low
16684,3548.4442999999974,4501.12,2,Low
16700,525.3284,3229.52,2,Low
16701,854.2318999999984,450.43,2,Low
16705,1378.1864000000007,2068.74,2,Low
16710,1111.8519999999999,0.0,1,Mid-High
16711,310.36379999999997,0.0,2,Low
16713,3597.7838000000024,3574.34,0,Mid-Low
16717,440.3405999999997,525.03,2,Low
16718,265.2849,0.0,0,Mid-Low
16719,1601.881300000002,1770.1,0,Mid-Low
16722,622.9207,0.0,1,Mid-High
16725,11042.436299999996,6142.349999999999,1,Mid-High
16726,794.1518999999998,0.0,2,Low
16727,598.5045999999999,0.0,2,Low
16743,390.1387,0.0,2,Low
16746,1745.6703000000018,2516.89,2,Low
16752,464.452,0.0,0,Mid-Low
16754,162.56900000000005,0.0,0,Mid-Low
16770,5607.3175,7393.25,1,Mid-High
16775,1120.5395000000003,1408.8600000000001,0,Mid-Low
16779,3413.5158,4035.5,1,Mid-High
16781,870.2470000000001,0.0,1,Mid-High
16782,3308.358799999998,2296.54,1,Mid-High
16795,1012.2979,0.0,2,Low
16805,639.9142,0.0,2,Low
16810,296.5665000000001,0.0,2,Low
16812,364.7811000000001,0.0,2,Low
16814,4431.264300000006,6975.39,0,Mid-Low
16816,1736.0953000000022,2397.39,2,Low
16817,348.9296,0.0,1,Mid-High
16835,165.6388,0.0,0,Mid-Low
16839,1222.7959000000014,1318.85,0,Mid-Low
16858,566.0312,0.0,2,Low
16861,267.92639999999994,0.0,2,Low
16863,503.1852999999999,0.0,1,Mid-High
16873,2404.748,24.220000000000002,2,Low
16883,513.6171999999999,0.0,0,Mid-Low
16885,1075.8935999999999,0.0,2,Low
16891,3789.8791999999994,0.0,0,Mid-Low
16893,1130.9209999999998,0.0,0,Mid-Low
16898,688.653,0.0,1,Mid-High
16899,335.3803,0.0,2,Low
16904,2713.753099999999,3594.56,0,Mid-Low
16905,876.6325000000003,0.0,0,Mid-Low
16907,1365.4986,0.0,2,Low
16916,597.2062,0.0,0,Mid-Low
16919,1600.7758999999996,0.0,1,Mid-High
16923,8302.763799999993,11495.36,2,Low
16926,873.7831,0.0,0,Mid-Low
16927,127.21979999999998,0.0,2,Low
16928,927.9284000000004,1063.0,0,Mid-Low
16931,4258.412099999998,4525.06,1,Mid-High
16945,433.9207,0.0,2,Low
16950,347.12870000000004,0.0,2,Low
16954,731.2908000000002,0.0,2,Low
16955,719.0055999999997,571.25,1,Mid-High
16983,802.9597999999991,810.6999999999999,0,Mid-Low
16985,1595.1651999999988,2424.11,2,Low
16995,55.16590000000001,0.0,0,Mid-Low
16996,387.93660000000006,145.9,2,Low
17001,1116.3264999999976,950.68,2,Low
17007,1179.0751000000005,14.16,2,Low
17017,8106.814000000004,0.0,1,Mid-High
17019,2533.765399999996,3653.36,0,Mid-Low
17025,310.4442,0.0,0,Mid-Low
17026,166.6709,0.0,0,Mid-Low
17033,354.415,0.0,2,Low
17041,177.4655,0.0,2,Low
17044,290.4318,0.0,2,Low
17059,1233.5642,0.0,0,Mid-Low
17062,3584.067100000003,3200.7,1,Mid-High
17068,3703.689199999998,4250.23,1,Mid-High
17069,1268.184800000001,1508.33,0,Mid-Low
17076,384.56460000000004,0.0,2,Low
17085,587.8113999999999,2214.6,2,Low
17091,2267.4096000000022,2985.67,0,Mid-Low
17097,2607.0137999999984,3506.21,2,Low
17126,712.0684,0.0,2,Low
17135,44.5582,0.0,0,Mid-Low
17146,377.19300000000004,0.0,2,Low
17158,578.3489,0.0,2,Low
17179,870.7955999999999,0.0,2,Low
17181,65.3891,0.0,0,Mid-Low
17188,2103.705300000002,2792.85,1,Mid-High
17189,246.2692,0.0,2,Low
17191,1729.7983999999994,0.0,0,Mid-Low
17194,393.48740000000004,0.0,2,Low
17198,768.2635,0.0,1,Mid-High
17211,1976.3281000000022,915.5699999999999,1,Mid-High
17213,2080.0385000000006,2478.47,1,Mid-High
17214,893.1603000000006,1333.1,2,Low
17218,3845.876799999997,2475.6,1,Mid-High
17220,4442.930199999997,6066.99,2,Low
17223,1152.9534999999987,1460.65,0,Mid-Low
17227,106.81200000000003,0.0,2,Low
17228,2184.8236999999995,1005.53,1,Mid-High
17230,3527.161299999998,4392.85,2,Low
17231,1013.5848000000002,4622.37,2,Low
17235,397.8962,0.0,0,Mid-Low
17236,1064.198700000001,1443.83,2,Low
17238,3264.7075999999956,3142.36,0,Mid-Low
17243,1948.4665000000005,1983.22,1,Mid-High
17251,288.6289,0.0,2,Low
17259,785.1007999999998,0.0,0,Mid-Low
17262,133.52259999999998,0.0,2,Low
17287,748.7378000000001,0.0,1,Mid-High
17288,917.108400000001,669.55,2,Low
17293,1132.3235999999986,1372.09,2,Low
17303,237.32909999999995,0.0,2,Low
17307,111.63759999999998,0.0,2,Low
17315,4630.281900000006,6408.59,2,Low
17320,242.3676,0.0,0,Mid-Low
17324,1043.0860999999993,1405.78,2,Low
17338,2619.8390000000045,2895.89,2,Low
17339,172.858,0.0,2,Low
17340,3363.532299999996,3537.74,0,Mid-Low
17341,1402.1601,0.0,0,Mid-Low
17346,2329.5135000000005,0.0,1,Mid-High
17371,271.7186,0.0,2,Low
17372,2433.5259000000005,3005.44,2,Low
17375,1143.0705999999998,3044.4,2,Low
17377,743.0320999999998,0.0,1,Mid-High
17381,1776.8040000000008,1753.92,0,Mid-Low
17392,1779.4761999999996,2241.04,2,Low
17396,94.56689999999999,0.0,0,Mid-Low
17402,869.047,78.8,0,Mid-Low
17404,2365.702599999998,2539.4,1,Mid-High
17406,922.5165,6142.48,0,Mid-Low
17411,136.60219999999998,0.0,2,Low
17412,3875.1076000000003,0.0,1,Mid-High
17419,821.2476000000003,1086.56,2,Low
17420,483.3401,0.0,0,Mid-Low
17428,1682.7993000000001,1313.01,1,Mid-High
17430,92.69940000000001,0.0,0,Mid-Low
17442,701.5052,0.0,0,Mid-Low
17449,2042.5004000000001,0.0,2,Low
17450,2042.5448999999985,3143.06,2,Low
17454,665.7553999999998,0.0,2,Low
17456,165.80900000000003,0.0,2,Low
17460,318.3799000000001,155.84,0,Mid-Low
17470,492.4408,0.0,0,Mid-Low
17491,212.35170000000025,278.11,2,Low
17496,227.72060000000002,0.0,2,Low
17511,11008.22939999999,11359.72,1,Mid-High
17519,392.27520000000004,0.0,1,Mid-High
17524,238.9479,0.0,2,Low
17525,396.23959999999994,0.0,2,Low
17526,236.76010000000002,0.0,2,Low
17530,1124.3192,0.0,2,Low
17547,99.1009,0.0,0,Mid-Low
17548,254.74329999999995,0.0,0,Mid-Low
17551,380.75460000000004,0.0,2,Low
17552,369.88840000000005,0.0,0,Mid-Low
17567,519.9438999999999,0.0,0,Mid-Low
17572,238.53879999999998,0.0,0,Mid-Low
17576,2994.3807999999963,3424.18,1,Mid-High
17580,3878.4308999999976,4828.56,2,Low
17581,2190.4997999999982,2551.49,0,Mid-Low
17591,2439.3165999999974,1575.37,0,Mid-Low
17596,312.75629999999995,0.0,0,Mid-Low
17611,2366.6338999999994,16070.6,2,Low
17616,81.59490000000002,0.0,0,Mid-Low
17618,298.0906,0.0,2,Low
17629,832.4827000000001,22.99,2,Low
17633,1340.5939999999994,0.0,2,Low
17643,1456.1573999999998,0.0,0,Mid-Low
17646,461.98079999999993,0.0,2,Low
17655,178.22319999999996,0.0,1,Mid-High
17659,641.0963,0.0,1,Mid-High
17671,2076.2637000000004,0.0,2,Low
17674,387.43269999999995,0.0,0,Mid-Low
17675,3892.6813000000006,4550.83,2,Low
17676,243.6744,0.0,2,Low
17677,2590.6510999999996,2453.81,1,Mid-High
17682,239.24750000000003,0.0,0,Mid-Low
17685,2223.918400000002,2777.72,1,Mid-High
17690,3854.126000000001,4816.69,1,Mid-High
17691,1353.8755999999996,0.0,1,Mid-High
17692,217.50950000000003,0.0,2,Low
17696,386.19840000000005,125.0,2,Low
17700,1633.5177999999996,0.0,2,Low
17702,340.2051,0.0,2,Low
17706,559.6826,0.0,0,Mid-Low
17720,217.7809,0.0,2,Low
17722,2964.248100000001,3240.41,1,Mid-High
17732,362.2453,0.0,0,Mid-Low
17735,1859.6654000000008,4688.7300000000005,0,Mid-Low
17739,917.4156000000002,138.23000000000002,2,Low
17744,1207.1147000000005,851.11,2,Low
17752,176.7275,0.0,2,Low
17757,2855.9404000000004,2681.0,1,Mid-High
17760,464.649,0.0,0,Mid-Low
17787,3441.641199999996,4589.24,0,Mid-Low
17790,1916.8258,0.0,1,Mid-High
17796,5869.6910000000025,7857.2,0,Mid-Low
17799,454.2814000000001,7077.42,2,Low
17802,189.7002,0.0,0,Mid-Low
17809,1406.4591,0.0,0,Mid-Low
17812,748.5502000000001,0.0,0,Mid-Low
17816,306.7284,0.0,0,Mid-Low
17819,438.1578,0.0,1,Mid-High
17820,428.6758000000001,0.0,2,Low
17827,1359.0581,0.0,2,Low
17838,789.9875000000002,0.0,1,Mid-High
17841,27319.109599999952,25758.01,3,High
17848,263.7913999999996,234.45999999999998,2,Low
17850,23802.653199999975,0.0,3,High
17855,538.7465,0.0,0,Mid-Low
17857,365.01300000000003,0.0,1,Mid-High
17858,2268.567799999998,1146.77,1,Mid-High
17860,1392.7773000000002,0.0,0,Mid-Low
17863,2796.399300000002,3778.6,0,Mid-Low
17865,1773.9459,0.0,1,Mid-High
17869,603.4546999999999,0.0,2,Low
17870,95.57869999999998,0.0,2,Low
17873,681.5130000000004,0.0,0,Mid-Low
17880,297.68519999999995,0.0,2,Low
17884,4236.1296999999995,3476.0,1,Mid-High
17888,540.6188000000001,804.26,2,Low
17890,3704.742599999996,4202.49,2,Low
17894,2840.9116000000004,3980.37,1,Mid-High
17897,1727.8715999999997,0.0,1,Mid-High
17905,837.879700000001,139.99,0,Mid-Low
17908,1756.3453000000006,0.0,0,Mid-Low
17912,911.9309000000011,292.94,1,Mid-High
17913,977.3161,0.0,2,Low
17917,125.8946,0.0,2,Low
17920,2749.835100000001,2025.29,1,Mid-High
17924,310.43659999999943,33.69,0,Mid-Low
17925,262.63460000000003,0.0,0,Mid-Low
17937,815.9972,0.0,2,Low
17949,177.48760000000047,51.290000000000006,0,Mid-Low
17950,296.4552,0.0,0,Mid-Low
17951,1108.8665,125.0,1,Mid-High
17954,3804.094100000002,4973.01,1,Mid-High
17961,5020.4706999999935,7241.16,0,Mid-Low
17964,139.8566,0.0,0,Mid-Low
17965,3101.703000000004,3866.64,1,Mid-High
17967,503.36629999999997,0.0,0,Mid-Low
17968,908.8014000000003,0.0,0,Mid-Low
17969,144.4967,0.0,2,Low
17975,9105.314299999987,12136.82,1,Mid-High
17976,710.4815,0.0,0,Mid-Low
17978,520.0948999999999,0.0,2,Low
17980,407.99799999999993,0.0,2,Low
17990,1032.3754999999987,637.1800000000001,2,Low
17999,189.7407,0.0,0,Mid-Low
18004,568.9967,0.0,2,Low
18011,507.2105,0.0,0,Mid-Low
18016,1909.9048000000025,2149.82,2,Low
18037,248.3798000000001,24.78,2,Low
18041,3405.4626999999978,3035.35,1,Mid-High
18043,1177.9105000000002,0.0,0,Mid-Low
18044,249.38960000000006,0.0,2,Low
18050,152.98189999999997,0.0,2,Low
18055,4292.187099999997,1685.17,1,Mid-High
18061,914.2718000000001,934.0,2,Low
18065,841.8508,0.0,1,Mid-High
18071,224.40009999999998,0.0,2,Low
18074,347.72710000000006,0.0,0,Mid-Low
18075,1281.8210000000001,2619.49,2,Low
18077,2852.484799999998,2997.15,1,Mid-High
18085,1513.688000000001,1925.21,0,Mid-Low
18092,728.6813999999993,896.45,2,Low
18102,735.3285000000001,0.0,2,Low
18109,2303.3618999999976,2502.59,1,Mid-High
18113,77.55300000000003,0.0,0,Mid-Low
18116,6204.017099999996,6469.07,1,Mid-High
18118,7810.796699999988,8926.44,1,Mid-High
18119,399.9707000000001,0.0,2,Low
18141,289.8932,0.0,2,Low
18144,379.5217999999999,40.5,1,Mid-High
18156,715.1391,0.0,0,Mid-Low
18168,1414.8931000000005,0.0,1,Mid-High
18176,390.5720000000001,32.22,2,Low
18178,1985.356400000002,2206.66,2,Low
18193,299.6886,0.0,2,Low
18219,1424.4718999999996,0.0,1,Mid-High
18223,2432.3770000000018,3572.91,2,Low
18225,462.5126999999999,0.0,1,Mid-High
18229,1445.4101999999998,931.11,1,Mid-High
18230,1497.645499999999,0.0,1,Mid-High
18239,2415.1270999999965,2790.43,0,Mid-Low
18259,925.3851,0.0,2,Low
18260,1435.087400000001,1672.3799999999999,2,Low
18269,279.76129999999995,0.0,1,Mid-High
